Jerry Yee,yee@gatech.edu
Thang Ng,thang@gatech.edu
Joe Murphy,joe@gatech.edu
Peter Kerkejrkjfdkoff,peter@gatech.edu
Peter Shanae,peter2@gatech.edu
Sam Samson,sam@gatech.edu
Kanye West,yeezy@gatech.edu
Jameison Fuccboi,fuccboi@gatech.edu
Paul McCartney,mccartney@gatech.edu
George Harrison,harrison@gatech.edu
Elton John,john@gatech.edu
Daniel Day Lewis,lewis@gatech.edu
Mike Myers,myers@gatech.edu
Vin Diesel,diesel@gatech.edu
Michelle Rodriguez,rodriguez@gatech.edu
Dwayne Johnson,johnson@gatech.edu
Paul Walker,walker@gatech.edu
Justin Bieber,bieber@gatech.edu
Lindsay Lohan,lohan@gatech.edu
Brenda Lin,lin@gatech.edu
David Raji,raji@gatech.edu
Josh Garrick,garrick@gatech.edu
Tyler Meuter,meuter@gatech.edu
Kara Pendley,pendley@gatech.edu
Alexa Grzech,grzech@gatech.edu
Wyatt Bazrod,bazrod@gatech.edu
Arvind Narayan,narayan@gatech.edu
